Slug,H1_Title,Servico,Cidade,Bairro,Meta_Description,CTA_Text,Pinterest_Keyword,Nome_Cliente,Whatsapp,Foto_Cliente,Servicos_Lista,Status_Pag
depilacao-contagem-cabral,Depilação no Cabral em Contagem,Depilação,Contagem,Cabral,"Studio de depilação no Cabral, Contagem. Atendimento rápido e sem dor. Agende pelo WhatsApp!",Agende sua depilação agora,depilacao cabral contagem,Studio Fick Leve,5511965918109,"fick-leve-1.jpg,fick-leve-2.jpg,fick-leve-3.jpg,fick-leve-4.jpg,fick-leve-5.jpg,fick-leve-6.jpg","Depilação completa,Depilação a laser,Buço,Axila,Virilha,Perna completa",ativo
estetica-contagem-cabral,Estética no Cabral em Contagem,Estética,Contagem,Cabral,"Studio de estética no Cabral, Contagem. Limpeza de pele, massagem e tratamentos faciais. Agende!",Agende seu tratamento agora,estetica cabral contagem,Studio Fick Leve,5511965918109,"fick-leve-1.jpg,fick-leve-2.jpg,fick-leve-3.jpg,fick-leve-4.jpg,fick-leve-5.jpg,fick-leve-6.jpg","Limpeza de pele,Hidratação facial,Peeling,Drenagem linfática,Massagem relaxante,Estética corporal",ativo
massagem-contagem-cabral,Massagem no Cabral em Contagem,Massagem,Contagem,Cabral,"Massagem relaxante e terapêutica no Cabral, Contagem. Studio especializado. Agende pelo WhatsApp!",Agende sua massagem agora,massagem cabral contagem,Studio Fick Leve,5511965918109,"fick-leve-1.jpg,fick-leve-2.jpg,fick-leve-3.jpg,fick-leve-4.jpg,fick-leve-5.jpg,fick-leve-6.jpg","Massagem relaxante,Massagem terapêutica,Drenagem linfática,Massagem modeladora,Pedras quentes,Reflexologia",ativo
depilacao-contagem-eldorado,Depilação no Eldorado em Contagem,Depilação,Contagem,Eldorado,"Studio de depilação no Eldorado, Contagem. Rápido, sem dor e perto de você. Agende pelo WhatsApp!",Agende sua depilação agora,depilacao eldorado contagem,Studio Fick Leve,5511965918109,"fick-leve-1.jpg,fick-leve-2.jpg,fick-leve-3.jpg,fick-leve-4.jpg,fick-leve-5.jpg,fick-leve-6.jpg","Depilação completa,Depilação a laser,Buço,Axila,Virilha,Perna completa",ativo
estetica-contagem-eldorado,Estética no Eldorado em Contagem,Estética,Contagem,Eldorado,"Studio de estética no Eldorado, Contagem. Tratamentos faciais e corporais perto de você. Agende!",Agende seu tratamento agora,estetica eldorado contagem,Studio Fick Leve,5511965918109,"fick-leve-1.jpg,fick-leve-2.jpg,fick-leve-3.jpg,fick-leve-4.jpg,fick-leve-5.jpg,fick-leve-6.jpg","Limpeza de pele,Hidratação facial,Peeling,Drenagem linfática,Massagem relaxante,Estética corporal",ativo
massagem-contagem-eldorado,Massagem no Eldorado em Contagem,Massagem,Contagem,Eldorado,"Massagem relaxante no Eldorado, Contagem. Studio especializado perto de você. Agende pelo WhatsApp!",Agende sua massagem agora,massagem eldorado contagem,Studio Fick Leve,5511965918109,"fick-leve-1.jpg,fick-leve-2.jpg,fick-leve-3.jpg,fick-leve-4.jpg,fick-leve-5.jpg,fick-leve-6.jpg","Massagem relaxante,Massagem terapêutica,Drenagem linfática,Massagem modeladora,Pedras quentes,Reflexologia",ativo
depilacao-contagem-nacional,Depilação no Nacional em Contagem,Depilação,Contagem,Nacional,"Studio de depilação no Nacional, Contagem. Atendimento rápido e profissional. Agende pelo WhatsApp!",Agende sua depilação agora,depilacao nacional contagem,Studio Fick Leve,5511965918109,"fick-leve-1.jpg,fick-leve-2.jpg,fick-leve-3.jpg,fick-leve-4.jpg,fick-leve-5.jpg,fick-leve-6.jpg","Depilação completa,Depilação a laser,Buço,Axila,Virilha,Perna completa",ativo
estetica-contagem-nacional,Estética no Nacional em Contagem,Estética,Contagem,Nacional,"Studio de estética no Nacional, Contagem. Limpeza de pele e tratamentos faciais. Agende agora!",Agende seu tratamento agora,estetica nacional contagem,Studio Fick Leve,5511965918109,"fick-leve-1.jpg,fick-leve-2.jpg,fick-leve-3.jpg,fick-leve-4.jpg,fick-leve-5.jpg,fick-leve-6.jpg","Limpeza de pele,Hidratação facial,Peeling,Drenagem linfática,Massagem relaxante,Estética corporal",ativo
massagem-contagem-nacional,Massagem no Nacional em Contagem,Massagem,Contagem,Nacional,"Massagem relaxante no Nacional, Contagem. Atendimento profissional perto de você. Agende agora!",Agende sua massagem agora,massagem nacional contagem,Studio Fick Leve,5511965918109,"fick-leve-1.jpg,fick-leve-2.jpg,fick-leve-3.jpg,fick-leve-4.jpg,fick-leve-5.jpg,fick-leve-6.jpg","Massagem relaxante,Massagem terapêutica,Drenagem linfática,Massagem modeladora,Pedras quentes,Reflexologia",ativo
depilacao-contagem-riacho-das-pedras,Depilação no Riacho das Pedras em Contagem,Depilação,Contagem,Riacho das Pedras,"Studio de depilação no Riacho das Pedras, Contagem. Sem dor e perto de você. Agende pelo WhatsApp!",Agende sua depilação agora,depilacao riacho das pedras contagem,Studio Fick Leve,5511965918109,"fick-leve-1.jpg,fick-leve-2.jpg,fick-leve-3.jpg,fick-leve-4.jpg,fick-leve-5.jpg,fick-leve-6.jpg","Depilação completa,Depilação a laser,Buço,Axila,Virilha,Perna completa",ativo
estetica-contagem-riacho-das-pedras,Estética no Riacho das Pedras em Contagem,Estética,Contagem,Riacho das Pedras,"Studio de estética no Riacho das Pedras, Contagem. Tratamentos faciais e corporais. Agende!",Agende seu tratamento agora,estetica riacho das pedras contagem,Studio Fick Leve,5511965918109,"fick-leve-1.jpg,fick-leve-2.jpg,fick-leve-3.jpg,fick-leve-4.jpg,fick-leve-5.jpg,fick-leve-6.jpg","Limpeza de pele,Hidratação facial,Peeling,Drenagem linfática,Massagem relaxante,Estética corporal",ativo
massagem-contagem-riacho-das-pedras,Massagem no Riacho das Pedras em Contagem,Massagem,Contagem,Riacho das Pedras,"Massagem relaxante no Riacho das Pedras, Contagem. Studio especializado. Agende pelo WhatsApp!",Agende sua massagem agora,massagem riacho das pedras contagem,Studio Fick Leve,5511965918109,"fick-leve-1.jpg,fick-leve-2.jpg,fick-leve-3.jpg,fick-leve-4.jpg,fick-leve-5.jpg,fick-leve-6.jpg","Massagem relaxante,Massagem terapêutica,Drenagem linfática,Massagem modeladora,Pedras quentes,Reflexologia",ativo
depilacao-contagem-conjunto-california,Depilação no Conjunto Califórnia em Contagem,Depilação,Contagem,Conjunto Califórnia,"Studio de depilação no Conjunto Califórnia, Contagem. Rápido e profissional. Agende pelo WhatsApp!",Agende sua depilação agora,depilacao conjunto california contagem,Studio Fick Leve,5511965918109,"fick-leve-1.jpg,fick-leve-2.jpg,fick-leve-3.jpg,fick-leve-4.jpg,fick-leve-5.jpg,fick-leve-6.jpg","Depilação completa,Depilação a laser,Buço,Axila,Virilha,Perna completa",ativo
estetica-contagem-conjunto-california,Estética no Conjunto Califórnia em Contagem,Estética,Contagem,Conjunto Califórnia,"Studio de estética no Conjunto Califórnia, Contagem. Tratamentos faciais e corporais. Agende!",Agende seu tratamento agora,estetica conjunto california contagem,Studio Fick Leve,5511965918109,"fick-leve-1.jpg,fick-leve-2.jpg,fick-leve-3.jpg,fick-leve-4.jpg,fick-leve-5.jpg,fick-leve-6.jpg","Limpeza de pele,Hidratação facial,Peeling,Drenagem linfática,Massagem relaxante,Estética corporal",ativo
massagem-contagem-conjunto-california,Massagem no Conjunto Califórnia em Contagem,Massagem,Contagem,Conjunto Califórnia,"Massagem relaxante no Conjunto Califórnia, Contagem. Studio especializado. Agende pelo WhatsApp!",Agende sua massagem agora,massagem conjunto california contagem,Studio Fick Leve,5511965918109,"fick-leve-1.jpg,fick-leve-2.jpg,fick-leve-3.jpg,fick-leve-4.jpg,fick-leve-5.jpg,fick-leve-6.jpg","Massagem relaxante,Massagem terapêutica,Drenagem linfática,Massagem modeladora,Pedras quentes,Reflexologia",ativo
