slug,title,servico,cidade,bairro,meta_description,cta_text,nome_cliente,whatsapp,servicos_lista,marcas_atendidas,bairros_vizinhos,outros_servicos,type
conserto-geladeira-contagem-cabral,Conserto de Geladeira no Cabral em Contagem,Conserto de Geladeira,Contagem,Cabral,Geladeira com defeito no Cabral? Andrade Geladeiras resolve HOJE. Garantia de 90 dias e atendimento no mesmo dia em Contagem.,Chamar tecnico agora,Andrade Geladeiras,31982162270,"Troca de compressor,Carga de gas,Troca de gaxeta,Reparo de placa eletronica,Geladeira Frost Free,Manutencao preventiva","Brastemp,Consul,Electrolux,Samsung,LG,Midea","Nacional,Eldorado,Industrial","/conserto-geladeira/compra-geladeira-usada-contagem-cabral|Comprar Geladeira no Cabral,/conserto-geladeira/venda-geladeira-usada-contagem-cabral|Vender Geladeira no Cabral",pseo
compra-geladeira-usada-contagem-cabral,Compramos sua Geladeira Usada no Cabral em Contagem,Compra de Geladeira Usada,Contagem,Cabral,Quer vender sua geladeira usada no Cabral? Andrade Geladeiras paga a vista e busca no local em Contagem. Avaliacao gratis!,Solicitar avaliacao gratis,Andrade Geladeiras,31982162270,"Avaliacao gratuita,Pagamento a vista,Retirada no local,Geladeiras de qualquer marca,Compra no mesmo dia","Brastemp,Consul,Electrolux,Samsung,LG,Midea","Nacional,Eldorado,Industrial","/conserto-geladeira/conserto-geladeira-contagem-cabral|Conserto no Cabral,/conserto-geladeira/venda-geladeira-usada-contagem-cabral|Vender Geladeira no Cabral",pseo
venda-geladeira-usada-contagem-cabral,Geladeiras Usadas com Garantia no Cabral em Contagem,Venda de Geladeira Seminova,Contagem,Cabral,Geladeiras seminovas revisadas no Cabral. Andrade Geladeiras - entrega rapida e garantia de 90 dias em Contagem.,Ver geladeiras disponiveis,Andrade Geladeiras,31982162270,"Geladeiras revisadas,Garantia de 90 dias,Entrega rapida,Diversas marcas e modelos,Parcelamento disponivel","Brastemp,Consul,Electrolux,Samsung,LG,Midea","Nacional,Eldorado,Industrial","/conserto-geladeira/conserto-geladeira-contagem-cabral|Conserto no Cabral,/conserto-geladeira/compra-geladeira-usada-contagem-cabral|Comprar Geladeira no Cabral",pseo
conserto-geladeira-contagem-nacional,Conserto de Geladeira no Nacional em Contagem,Conserto de Geladeira,Contagem,Nacional,Geladeira com defeito no Nacional? Andrade Geladeiras resolve HOJE. Garantia de 90 dias em Contagem.,Chamar tecnico agora,Andrade Geladeiras,31982162270,"Troca de compressor,Carga de gas,Troca de gaxeta,Reparo de placa eletronica,Geladeira Frost Free,Manutencao preventiva","Brastemp,Consul,Electrolux,Samsung,LG,Midea","Cabral,Eldorado,Industrial","/conserto-geladeira/compra-geladeira-usada-contagem-nacional|Comprar Geladeira no Nacional,/conserto-geladeira/venda-geladeira-usada-contagem-nacional|Vender Geladeira no Nacional",pseo
compra-geladeira-usada-contagem-nacional,Compramos sua Geladeira Usada no Nacional em Contagem,Compra de Geladeira Usada,Contagem,Nacional,Quer vender sua geladeira usada no Nacional? Andrade Geladeiras paga a vista e busca no local em Contagem.,Solicitar avaliacao gratis,Andrade Geladeiras,31982162270,"Avaliacao gratuita,Pagamento a vista,Retirada no local,Geladeiras de qualquer marca,Compra no mesmo dia","Brastemp,Consul,Electrolux,Samsung,LG,Midea","Cabral,Eldorado,Industrial","/conserto-geladeira/conserto-geladeira-contagem-nacional|Conserto no Nacional,/conserto-geladeira/venda-geladeira-usada-contagem-nacional|Vender Geladeira no Nacional",pseo
venda-geladeira-usada-contagem-nacional,Geladeiras Usadas com Garantia no Nacional em Contagem,Venda de Geladeira Seminova,Contagem,Nacional,Geladeiras seminovas revisadas no Nacional. Andrade Geladeiras - entrega rapida e garantia de 90 dias em Contagem.,Ver geladeiras disponiveis,Andrade Geladeiras,31982162270,"Geladeiras revisadas,Garantia de 90 dias,Entrega rapida,Diversas marcas e modelos,Parcelamento disponivel","Brastemp,Consul,Electrolux,Samsung,LG,Midea","Cabral,Eldorado,Industrial","/conserto-geladeira/conserto-geladeira-contagem-nacional|Conserto no Nacional,/conserto-geladeira/compra-geladeira-usada-contagem-nacional|Comprar Geladeira no Nacional",pseo
conserto-geladeira-contagem-eldorado,Conserto de Geladeira no Eldorado em Contagem,Conserto de Geladeira,Contagem,Eldorado,Tecnico de geladeira no Eldorado com atendimento urgente. Andrade Geladeiras - mesmo dia e garantia de 90 dias.,Chamar tecnico agora,Andrade Geladeiras,31982162270,"Troca de compressor,Carga de gas,Troca de gaxeta,Reparo de placa eletronica,Geladeira Frost Free,Manutencao preventiva","Brastemp,Consul,Electrolux,Samsung,LG,Midea","Nacional,Cabral,Industrial","/conserto-geladeira/compra-geladeira-usada-contagem-eldorado|Comprar Geladeira no Eldorado,/conserto-geladeira/venda-geladeira-usada-contagem-eldorado|Vender Geladeira no Eldorado",pseo
compra-geladeira-usada-contagem-eldorado,Compramos sua Geladeira Usada no Eldorado em Contagem,Compra de Geladeira Usada,Contagem,Eldorado,Quer vender sua geladeira usada no Eldorado? Andrade Geladeiras paga a vista e busca no local em Contagem.,Solicitar avaliacao gratis,Andrade Geladeiras,31982162270,"Avaliacao gratuita,Pagamento a vista,Retirada no local,Geladeiras de qualquer marca,Compra no mesmo dia","Brastemp,Consul,Electrolux,Samsung,LG,Midea","Nacional,Cabral,Industrial","/conserto-geladeira/conserto-geladeira-contagem-eldorado|Conserto no Eldorado,/conserto-geladeira/venda-geladeira-usada-contagem-eldorado|Vender Geladeira no Eldorado",pseo
venda-geladeira-usada-contagem-eldorado,Geladeiras Usadas com Garantia no Eldorado em Contagem,Venda de Geladeira Seminova,Contagem,Eldorado,Geladeiras seminovas revisadas no Eldorado. Andrade Geladeiras - entrega rapida e garantia de 90 dias em Contagem.,Ver geladeiras disponiveis,Andrade Geladeiras,31982162270,"Geladeiras revisadas,Garantia de 90 dias,Entrega rapida,Diversas marcas e modelos,Parcelamento disponivel","Brastemp,Consul,Electrolux,Samsung,LG,Midea","Nacional,Cabral,Industrial","/conserto-geladeira/conserto-geladeira-contagem-eldorado|Conserto no Eldorado,/conserto-geladeira/compra-geladeira-usada-contagem-eldorado|Comprar Geladeira no Eldorado",pseo
conserto-geladeira-contagem-industrial,Conserto de Geladeira no Industrial em Contagem,Conserto de Geladeira,Contagem,Industrial,Geladeira com problema no Industrial? Andrade Geladeiras atende hoje com garantia de 90 dias.,Chamar tecnico agora,Andrade Geladeiras,31982162270,"Troca de compressor,Carga de gas,Troca de gaxeta,Reparo de placa eletronica,Geladeira Frost Free,Manutencao preventiva","Brastemp,Consul,Electrolux,Samsung,LG,Midea","Nacional,Eldorado,Cabral","/conserto-geladeira/compra-geladeira-usada-contagem-industrial|Comprar Geladeira no Industrial,/conserto-geladeira/venda-geladeira-usada-contagem-industrial|Vender Geladeira no Industrial",pseo
compra-geladeira-usada-contagem-industrial,Compramos sua Geladeira Usada no Industrial em Contagem,Compra de Geladeira Usada,Contagem,Industrial,Quer vender sua geladeira usada no Industrial? Andrade Geladeiras paga a vista e busca no local em Contagem.,Solicitar avaliacao gratis,Andrade Geladeiras,31982162270,"Avaliacao gratuita,Pagamento a vista,Retirada no local,Geladeiras de qualquer marca,Compra no mesmo dia","Brastemp,Consul,Electrolux,Samsung,LG,Midea","Nacional,Eldorado,Cabral","/conserto-geladeira/conserto-geladeira-contagem-industrial|Conserto no Industrial,/conserto-geladeira/venda-geladeira-usada-contagem-industrial|Vender Geladeira no Industrial",pseo
venda-geladeira-usada-contagem-industrial,Geladeiras Usadas com Garantia no Industrial em Contagem,Venda de Geladeira Seminova,Contagem,Industrial,Geladeiras seminovas revisadas no Industrial. Andrade Geladeiras - entrega rapida e garantia de 90 dias em Contagem.,Ver geladeiras disponiveis,Andrade Geladeiras,31982162270,"Geladeiras revisadas,Garantia de 90 dias,Entrega rapida,Diversas marcas e modelos,Parcelamento disponivel","Brastemp,Consul,Electrolux,Samsung,LG,Midea","Nacional,Eldorado,Cabral","/conserto-geladeira/conserto-geladeira-contagem-industrial|Conserto no Industrial,/conserto-geladeira/compra-geladeira-usada-contagem-industrial|Comprar Geladeira no Industrial",pseo
conserto-geladeira-belo-horizonte-savassi,Conserto de Geladeira no Savassi em BH,Conserto de Geladeira,Belo Horizonte,Savassi,Geladeira com defeito no Savassi? Andrade Geladeiras resolve HOJE. Garantia de 90 dias em BH.,Chamar tecnico agora,Andrade Geladeiras,31982162270,"Troca de compressor,Carga de gas,Troca de gaxeta,Reparo de placa eletronica,Geladeira Frost Free,Manutencao preventiva","Brastemp,Consul,Electrolux,Samsung,LG,Midea","Buritis,Castelo,Centro","/conserto-geladeira/compra-geladeira-usada-belo-horizonte-savassi|Comprar Geladeira no Savassi,/conserto-geladeira/venda-geladeira-usada-belo-horizonte-savassi|Vender Geladeira no Savassi",pseo
compra-geladeira-usada-belo-horizonte-savassi,Compramos sua Geladeira Usada no Savassi em BH,Compra de Geladeira Usada,Belo Horizonte,Savassi,Quer vender sua geladeira usada no Savassi? Andrade Geladeiras paga a vista e busca no local em BH.,Solicitar avaliacao gratis,Andrade Geladeiras,31982162270,"Avaliacao gratuita,Pagamento a vista,Retirada no local,Geladeiras de qualquer marca,Compra no mesmo dia","Brastemp,Consul,Electrolux,Samsung,LG,Midea","Buritis,Castelo,Centro","/conserto-geladeira/conserto-geladeira-belo-horizonte-savassi|Conserto no Savassi,/conserto-geladeira/venda-geladeira-usada-belo-horizonte-savassi|Vender Geladeira no Savassi",pseo
venda-geladeira-usada-belo-horizonte-savassi,Geladeiras Usadas com Garantia no Savassi em BH,Venda de Geladeira Seminova,Belo Horizonte,Savassi,Geladeiras seminovas revisadas no Savassi. Andrade Geladeiras - entrega rapida e garantia de 90 dias em BH.,Ver geladeiras disponiveis,Andrade Geladeiras,31982162270,"Geladeiras revisadas,Garantia de 90 dias,Entrega rapida,Diversas marcas e modelos,Parcelamento disponivel","Brastemp,Consul,Electrolux,Samsung,LG,Midea","Buritis,Castelo,Centro","/conserto-geladeira/conserto-geladeira-belo-horizonte-savassi|Conserto no Savassi,/conserto-geladeira/compra-geladeira-usada-belo-horizonte-savassi|Comprar Geladeira no Savassi",pseo
conserto-geladeira-belo-horizonte-buritis,Conserto de Geladeira no Buritis em BH,Conserto de Geladeira,Belo Horizonte,Buritis,Tecnico de geladeira no Buritis com atendimento urgente. Andrade Geladeiras - mesmo dia e garantia de 90 dias em BH.,Chamar tecnico agora,Andrade Geladeiras,31982162270,"Troca de compressor,Carga de gas,Troca de gaxeta,Reparo de placa eletronica,Geladeira Frost Free,Manutencao preventiva","Brastemp,Consul,Electrolux,Samsung,LG,Midea","Savassi,Castelo,Padre Eustaquio","/conserto-geladeira/compra-geladeira-usada-belo-horizonte-buritis|Comprar Geladeira no Buritis,/conserto-geladeira/venda-geladeira-usada-belo-horizonte-buritis|Vender Geladeira no Buritis",pseo
compra-geladeira-usada-belo-horizonte-buritis,Compramos sua Geladeira Usada no Buritis em BH,Compra de Geladeira Usada,Belo Horizonte,Buritis,Quer vender sua geladeira usada no Buritis? Andrade Geladeiras paga a vista e busca no local em BH.,Solicitar avaliacao gratis,Andrade Geladeiras,31982162270,"Avaliacao gratuita,Pagamento a vista,Retirada no local,Geladeiras de qualquer marca,Compra no mesmo dia","Brastemp,Consul,Electrolux,Samsung,LG,Midea","Savassi,Castelo,Padre Eustaquio","/conserto-geladeira/conserto-geladeira-belo-horizonte-buritis|Conserto no Buritis,/conserto-geladeira/venda-geladeira-usada-belo-horizonte-buritis|Vender Geladeira no Buritis",pseo
venda-geladeira-usada-belo-horizonte-buritis,Geladeiras Usadas com Garantia no Buritis em BH,Venda de Geladeira Seminova,Belo Horizonte,Buritis,Geladeiras seminovas revisadas no Buritis. Andrade Geladeiras - entrega rapida e garantia de 90 dias em BH.,Ver geladeiras disponiveis,Andrade Geladeiras,31982162270,"Geladeiras revisadas,Garantia de 90 dias,Entrega rapida,Diversas marcas e modelos,Parcelamento disponivel","Brastemp,Consul,Electrolux,Samsung,LG,Midea","Savassi,Castelo,Padre Eustaquio","/conserto-geladeira/conserto-geladeira-belo-horizonte-buritis|Conserto no Buritis,/conserto-geladeira/compra-geladeira-usada-belo-horizonte-buritis|Comprar Geladeira no Buritis",pseo
conserto-geladeira-belo-horizonte-castelo,Conserto de Geladeira no Castelo em BH,Conserto de Geladeira,Belo Horizonte,Castelo,Geladeira quebrada no Castelo em BH? Andrade Geladeiras atende hoje com garantia de 90 dias.,Chamar tecnico agora,Andrade Geladeiras,31982162270,"Troca de compressor,Carga de gas,Troca de gaxeta,Reparo de placa eletronica,Geladeira Frost Free,Manutencao preventiva","Brastemp,Consul,Electrolux,Samsung,LG,Midea","Buritis,Padre Eustaquio,Savassi","/conserto-geladeira/compra-geladeira-usada-belo-horizonte-castelo|Comprar Geladeira no Castelo,/conserto-geladeira/venda-geladeira-usada-belo-horizonte-castelo|Vender Geladeira no Castelo",pseo
compra-geladeira-usada-belo-horizonte-castelo,Compramos sua Geladeira Usada no Castelo em BH,Compra de Geladeira Usada,Belo Horizonte,Castelo,Quer vender sua geladeira usada no Castelo? Andrade Geladeiras paga a vista e busca no local em BH.,Solicitar avaliacao gratis,Andrade Geladeiras,31982162270,"Avaliacao gratuita,Pagamento a vista,Retirada no local,Geladeiras de qualquer marca,Compra no mesmo dia","Brastemp,Consul,Electrolux,Samsung,LG,Midea","Buritis,Padre Eustaquio,Savassi","/conserto-geladeira/conserto-geladeira-belo-horizonte-castelo|Conserto no Castelo,/conserto-geladeira/venda-geladeira-usada-belo-horizonte-castelo|Vender Geladeira no Castelo",pseo
venda-geladeira-usada-belo-horizonte-castelo,Geladeiras Usadas com Garantia no Castelo em BH,Venda de Geladeira Seminova,Belo Horizonte,Castelo,Geladeiras seminovas revisadas no Castelo. Andrade Geladeiras - entrega rapida e garantia de 90 dias em BH.,Ver geladeiras disponiveis,Andrade Geladeiras,31982162270,"Geladeiras revisadas,Garantia de 90 dias,Entrega rapida,Diversas marcas e modelos,Parcelamento disponivel","Brastemp,Consul,Electrolux,Samsung,LG,Midea","Buritis,Padre Eustaquio,Savassi","/conserto-geladeira/conserto-geladeira-belo-horizonte-castelo|Conserto no Castelo,/conserto-geladeira/compra-geladeira-usada-belo-horizonte-castelo|Comprar Geladeira no Castelo",pseo
conserto-geladeira-belo-horizonte-padre-eustaquio,Conserto de Geladeira no Padre Eustaquio em BH,Conserto de Geladeira,Belo Horizonte,Padre Eustaquio,Tecnico de geladeira no Padre Eustaquio com atendimento no mesmo dia. Andrade Geladeiras - garantia de 90 dias em BH.,Chamar tecnico agora,Andrade Geladeiras,31982162270,"Troca de compressor,Carga de gas,Troca de gaxeta,Reparo de placa eletronica,Geladeira Frost Free,Manutencao preventiva","Brastemp,Consul,Electrolux,Samsung,LG,Midea","Castelo,Buritis,Sagrada Familia","/conserto-geladeira/compra-geladeira-usada-belo-horizonte-padre-eustaquio|Comprar no Padre Eustaquio,/conserto-geladeira/venda-geladeira-usada-belo-horizonte-padre-eustaquio|Vender no Padre Eustaquio",pseo
compra-geladeira-usada-belo-horizonte-padre-eustaquio,Compramos sua Geladeira Usada no Padre Eustaquio em BH,Compra de Geladeira Usada,Belo Horizonte,Padre Eustaquio,Quer vender sua geladeira usada no Padre Eustaquio? Andrade Geladeiras paga a vista e busca no local em BH.,Solicitar avaliacao gratis,Andrade Geladeiras,31982162270,"Avaliacao gratuita,Pagamento a vista,Retirada no local,Geladeiras de qualquer marca,Compra no mesmo dia","Brastemp,Consul,Electrolux,Samsung,LG,Midea","Castelo,Buritis,Sagrada Familia","/conserto-geladeira/conserto-geladeira-belo-horizonte-padre-eustaquio|Conserto no Padre Eustaquio,/conserto-geladeira/venda-geladeira-usada-belo-horizonte-padre-eustaquio|Vender no Padre Eustaquio",pseo
venda-geladeira-usada-belo-horizonte-padre-eustaquio,Geladeiras Usadas com Garantia no Padre Eustaquio em BH,Venda de Geladeira Seminova,Belo Horizonte,Padre Eustaquio,Geladeiras seminovas revisadas no Padre Eustaquio. Andrade Geladeiras - entrega rapida e garantia de 90 dias em BH.,Ver geladeiras disponiveis,Andrade Geladeiras,31982162270,"Geladeiras revisadas,Garantia de 90 dias,Entrega rapida,Diversas marcas e modelos,Parcelamento disponivel","Brastemp,Consul,Electrolux,Samsung,LG,Midea","Castelo,Buritis,Sagrada Familia","/conserto-geladeira/conserto-geladeira-belo-horizonte-padre-eustaquio|Conserto no Padre Eustaquio,/conserto-geladeira/compra-geladeira-usada-belo-horizonte-padre-eustaquio|Comprar no Padre Eustaquio",pseo
conserto-geladeira-belo-horizonte-sagrada-familia,Conserto de Geladeira na Sagrada Familia em BH,Conserto de Geladeira,Belo Horizonte,Sagrada Familia,Geladeira com defeito na Sagrada Familia? Andrade Geladeiras resolve HOJE. Garantia de 90 dias em BH.,Chamar tecnico agora,Andrade Geladeiras,31982162270,"Troca de compressor,Carga de gas,Troca de gaxeta,Reparo de placa eletronica,Geladeira Frost Free,Manutencao preventiva","Brastemp,Consul,Electrolux,Samsung,LG,Midea","Padre Eustaquio,Centro,Castelo","/conserto-geladeira/compra-geladeira-usada-belo-horizonte-sagrada-familia|Comprar na Sagrada Familia,/conserto-geladeira/venda-geladeira-usada-belo-horizonte-sagrada-familia|Vender na Sagrada Familia",pseo
compra-geladeira-usada-belo-horizonte-sagrada-familia,Compramos sua Geladeira Usada na Sagrada Familia em BH,Compra de Geladeira Usada,Belo Horizonte,Sagrada Familia,Quer vender sua geladeira usada na Sagrada Familia? Andrade Geladeiras paga a vista e busca no local em BH.,Solicitar avaliacao gratis,Andrade Geladeiras,31982162270,"Avaliacao gratuita,Pagamento a vista,Retirada no local,Geladeiras de qualquer marca,Compra no mesmo dia","Brastemp,Consul,Electrolux,Samsung,LG,Midea","Padre Eustaquio,Centro,Castelo","/conserto-geladeira/conserto-geladeira-belo-horizonte-sagrada-familia|Conserto na Sagrada Familia,/conserto-geladeira/venda-geladeira-usada-belo-horizonte-sagrada-familia|Vender na Sagrada Familia",pseo
venda-geladeira-usada-belo-horizonte-sagrada-familia,Geladeiras Usadas com Garantia na Sagrada Familia em BH,Venda de Geladeira Seminova,Belo Horizonte,Sagrada Familia,Geladeiras seminovas revisadas na Sagrada Familia. Andrade Geladeiras - entrega rapida e garantia de 90 dias em BH.,Ver geladeiras disponiveis,Andrade Geladeiras,31982162270,"Geladeiras revisadas,Garantia de 90 dias,Entrega rapida,Diversas marcas e modelos,Parcelamento disponivel","Brastemp,Consul,Electrolux,Samsung,LG,Midea","Padre Eustaquio,Centro,Castelo","/conserto-geladeira/conserto-geladeira-belo-horizonte-sagrada-familia|Conserto na Sagrada Familia,/conserto-geladeira/compra-geladeira-usada-belo-horizonte-sagrada-familia|Comprar na Sagrada Familia",pseo
conserto-geladeira-belo-horizonte-centro,Conserto de Geladeira no Centro de BH,Conserto de Geladeira,Belo Horizonte,Centro,Geladeira com problema no Centro de BH? Andrade Geladeiras atende com urgencia. Garantia de 90 dias.,Chamar tecnico agora,Andrade Geladeiras,31982162270,"Troca de compressor,Carga de gas,Troca de gaxeta,Reparo de placa eletronica,Geladeira Frost Free,Manutencao preventiva","Brastemp,Consul,Electrolux,Samsung,LG,Midea","Sagrada Familia,Padre Eustaquio,Savassi","/conserto-geladeira/compra-geladeira-usada-belo-horizonte-centro|Comprar Geladeira no Centro,/conserto-geladeira/venda-geladeira-usada-belo-horizonte-centro|Vender Geladeira no Centro",pseo
compra-geladeira-usada-belo-horizonte-centro,Compramos sua Geladeira Usada no Centro de BH,Compra de Geladeira Usada,Belo Horizonte,Centro,Quer vender sua geladeira usada no Centro de BH? Andrade Geladeiras paga a vista e busca no local.,Solicitar avaliacao gratis,Andrade Geladeiras,31982162270,"Avaliacao gratuita,Pagamento a vista,Retirada no local,Geladeiras de qualquer marca,Compra no mesmo dia","Brastemp,Consul,Electrolux,Samsung,LG,Midea","Sagrada Familia,Padre Eustaquio,Savassi","/conserto-geladeira/conserto-geladeira-belo-horizonte-centro|Conserto no Centro,/conserto-geladeira/venda-geladeira-usada-belo-horizonte-centro|Vender Geladeira no Centro",pseo
venda-geladeira-usada-belo-horizonte-centro,Geladeiras Usadas com Garantia no Centro de BH,Venda de Geladeira Seminova,Belo Horizonte,Centro,Geladeiras seminovas revisadas no Centro de BH. Andrade Geladeiras - entrega rapida e garantia de 90 dias.,Ver geladeiras disponiveis,Andrade Geladeiras,31982162270,"Geladeiras revisadas,Garantia de 90 dias,Entrega rapida,Diversas marcas e modelos,Parcelamento disponivel","Brastemp,Consul,Electrolux,Samsung,LG,Midea","Sagrada Familia,Padre Eustaquio,Savassi","/conserto-geladeira/conserto-geladeira-belo-horizonte-centro|Conserto no Centro,/conserto-geladeira/compra-geladeira-usada-belo-horizonte-centro|Comprar Geladeira no Centro",pseo
